Covered Entity Name,State,Covered Entity Type,Individuals Affected,Breach Submission Date,Type of Breach,Location of Breached Information,Business Associate Present,Web Description
Manhattan Retirement Foundation d/b/a Meadowlark Hills,KS,Healthcare Provider,14442,2026-02-26,Hacking/IT Incident,Network Server,No,
Commonwealth Care Alliance,MA,Health Plan,634,2026-02-25,Unauthorized Access/Disclosure,Paper/Films,No,
Weill Cornell Medicine,NY,Healthcare Provider,516,2026-02-23,Unauthorized Access/Disclosure,Electronic Medical Record,No,
Easterseals Northeast Indiana,IN,Healthcare Provider,3158,2026-02-16,Hacking/IT Incident,Network Server,No,
44North,MI,Business Associate,2158,2026-02-16,Hacking/IT Incident,Desktop Computer,Yes,
"Wee Care Pediatrics, LLC",UT,Healthcare Provider,2127,2026-02-14,Hacking/IT Incident,Network Server,No,
National Association on Drug Abuse Problems,NY,Healthcare Provider,90000,2026-02-13,Hacking/IT Incident,Network Server,No,
VPS Medical PLLC,PA,Healthcare Provider,4600,2026-02-13,Hacking/IT Incident,Network Server,No,
Academic Urology & Urogynecology of Arizona,AZ,Healthcare Provider,73281,2026-02-13,Hacking/IT Incident,Network Server,No,
Cedar Valley Services ,MN,Healthcare Provider,501,2026-02-13,Hacking/IT Incident,Network Server,No,
Resource Corporation of America,TX,Business Associate,501,2026-02-13,Hacking/IT Incident,Network Server,Yes,
"Alexes Hazen MD, PLLC",NY,Healthcare Provider,500,2026-02-12,Hacking/IT Incident,"Email, Network Server",No,
University Spine Center,NJ,Healthcare Provider,582,2026-02-12,Hacking/IT Incident,"Network Server, Other",Yes,
"BlueCross BlueShield of Tennessee, Inc.",TN,Business Associate,1670,2026-02-11,Hacking/IT Incident,Network Server,Yes,
"First Choice Community Home Care, Inc.",TX,Healthcare Provider,725,2026-02-11,Hacking/IT Incident,Network Server,Yes,
"Five Star Home Health, Inc.",OK,Healthcare Provider,1575,2026-02-10,Hacking/IT Incident,Network Server,Yes,
Houston Health Department,TX,Healthcare Provider,7445,2026-02-10,Hacking/IT Incident,Network Server,Yes,
"ApolloMD Business Services, LLC",GA,Business Associate,626540,2026-02-10,Hacking/IT Incident,Network Server,Yes,
Counseling Center of Wayne & Holmes Counties ,OH,Healthcare Provider,83354,2026-02-09,Hacking/IT Incident,Network Server,No,
Wendy Foster OD,KS,Healthcare Provider,20000,2026-02-09,Hacking/IT Incident,Network Server,No,
Adapt Integrated Health Care,OR,Healthcare Provider,2908,2026-02-09,Hacking/IT Incident,Network Server,Yes,
Carolina Foot & Ankle Associates,NC,Healthcare Provider,501,2026-02-09,Hacking/IT Incident,Network Server,No,
EDGAR A MARTORELL MD LLC,FL,Healthcare Provider,1107,2026-02-06,Hacking/IT Incident,Network Server,Yes,
Marin Cancer Care,CA,Healthcare Provider,501,2026-02-06,Hacking/IT Incident,Network Server,No,
TriZetto Provider Solutions,MO,Business Associate,3433965,2026-02-06,Hacking/IT Incident,Network Server,Yes,
"Apex Spine & Neurosurgery, LLC",GA,Healthcare Provider,2500,2026-02-06,Hacking/IT Incident,Network Server,No,
Triad Radiology Associates,NC,Healthcare Provider,11011,2026-02-06,Hacking/IT Incident,Email,No,
Cottage Hospital,NH,Healthcare Provider,1005,2026-02-06,Hacking/IT Incident,Network Server,No,
WIRX Pharmacy,PA,Healthcare Provider,20047,2026-02-05,Hacking/IT Incident,Network Server,No,
"Personalis, Inc.",CA,Healthcare Provider,650,2026-02-04,Hacking/IT Incident,Email,No,
Issaqueena Pediatric Dentistry PA,SC,Healthcare Provider,501,2026-02-04,Hacking/IT Incident,Network Server,No,
"EyeCare Partners, LLC, including The Ophthalmology Group, Ophthalmology Consultants, and Ophthalmology Associates.",MO,Healthcare Provider,17110,2026-02-03,Hacking/IT Incident,Email,No,
"Mindoula Health, Inc. ",MD,Business Associate,626,2026-02-02,Hacking/IT Incident,Email,Yes,
Pafford Medical Services,AR,Healthcare Provider,1000,2026-02-02,Hacking/IT Incident,Network Server,No,
"BAYADA Home Health Care, Inc.",NJ,Healthcare Provider,9526,2026-01-30,Hacking/IT Incident,Network Server,Yes,
Health and Hospital Corporation of Marion County,IN,Healthcare Provider,792,2026-01-30,Unauthorized Access/Disclosure,"Email, Laptop",No,
"Wakefield & Associates, LLC",TN,Business Associate,31751,2026-01-30,Hacking/IT Incident,Network Server,Yes,
Lincoln National Corporation d/b/a/ Lincoln Financial,IN,Health Plan,998,2026-01-30,Unauthorized Access/Disclosure,Paper/Films,No,
Clinic Service Corporation,CO,Business Associate,82331,2026-01-28,Hacking/IT Incident,Network Server,Yes,
WindRose Health Network,IN,Healthcare Provider,691,2026-01-27,Hacking/IT Incident,Network Server,No,
"Pecan Tree Dental, PLLC",TX,Healthcare Provider,13300,2026-01-26,Hacking/IT Incident,Network Server,No,
Jefferson-Blount-St. Clair Mental Health Authority,AL,Healthcare Provider,30434,2026-01-23,Hacking/IT Incident,Network Server,No,
"Precipio, Inc. ",CT,Healthcare Provider,501,2026-01-23,Hacking/IT Incident,Network Server,No,
"True RCM, a Rapid Care Transcription, Inc., Company",MD,Business Associate,1247,2026-01-20,Hacking/IT Incident,Desktop Computer,Yes,
Middlesex Sheriff's Office,MA,Healthcare Provider,501,2026-01-20,Hacking/IT Incident,Network Server,No,
AdventHealth Daytona Beach ,FL,Healthcare Provider,821,2026-01-20,Loss,Paper/Films,No,
Benton County Health,OR,Healthcare Provider,1476,2026-01-16,Hacking/IT Incident,Network Server,Yes,
Central Texas MHMR Center dba Center for Life Resource ,TX,Healthcare Provider,501,2026-01-16,Hacking/IT Incident,Network Server,No,
Minnesota Department of Human Services,MN,Health Plan,303965,2026-01-16,Unauthorized Access/Disclosure,Network Server,Yes,
Superior Care Plus LLC d/b/a Supportive Home Health LLC,OH,Healthcare Provider,1415,2026-01-16,Hacking/IT Incident,Email,No,
Administrators of the Tulane Educational Fund d/b/a Tulane University Medical Group,LA,Healthcare Provider,6556,2026-01-15,Hacking/IT Incident,Email,No,
360 Dental PC,PA,Healthcare Provider,11273,2026-01-15,Hacking/IT Incident,Network Server,No,
"Southern Immediate Care, LLC",AL,Healthcare Provider,7447,2026-01-15,Hacking/IT Incident,Email,No,
Florence County Commission on Alcohol & Drug Abuse – dba Circle Park Behavioral Health Services (“Circle Park”),SC,Healthcare Provider,7020,2026-01-14,Hacking/IT Incident,Email,No,
"TMG Health, Inc.",TX,Business Associate,2076,2026-01-13,Unauthorized Access/Disclosure,Network Server,Yes,
"FullBeauty Brands, Inc. Associate Benefits Plan",NY,Health Plan,4725,2026-01-13,Hacking/IT Incident,Network Server,No,
Avosina Healthcare Solutions,VA,Business Associate,44425,2026-01-10,Hacking/IT Incident,Network Server,Yes,
Foundation Health Partners,AK,Healthcare Provider,523,2026-01-09,Unauthorized Access/Disclosure,Paper/Films,No,
Illinois Department of Human Services,IL,Health Plan,705017,2026-01-09,Unauthorized Access/Disclosure,Network Server,No,
"The Center for Neuropsychology and Learning, PC ",MI,Healthcare Provider,3722,2026-01-09,Hacking/IT Incident,Network Server,No,
Central Ozarks Medical Center,MO,Healthcare Provider,11818,2026-01-09,Hacking/IT Incident,Network Server,No,
Devereux Foundation,PA,Healthcare Provider,501,2026-01-08,Hacking/IT Incident,Network Server,No,
"ABKSW PREFERRED HEALTH PARTNERS, PLLC d/b/a NORTH TEXAS PREFERRED HEALTH PARTNERS",TX,Healthcare Provider,2074,2026-01-08,Hacking/IT Incident,Network Server,Yes,
Methodist Homes of Alabama and Northwest Florida,AL,Healthcare Provider,1406,2026-01-06,Hacking/IT Incident,Email,No,
Pit River Health Service Inc.,CA,Healthcare Provider,1800,2026-01-06,Hacking/IT Incident,Network Server,No,
"Mid Michigan Medical Billing Service, Inc.",MI,Business Associate,28185,2026-01-05,Hacking/IT Incident,Network Server,Yes,
Advanced Healthcare Professionals,TX,Healthcare Provider,800,2025-12-31,Hacking/IT Incident,Network Server,No,
Andover Eye Associates,MA,Healthcare Provider,1638,2025-12-31,Hacking/IT Incident,Email,No,
"Steel Encounters, Inc.",UT,Healthcare Provider,959,2025-12-31,Hacking/IT Incident,Network Server,No,
Exact Sciences Laboratories LLC ,WI,Healthcare Provider,2658,2025-12-29,Unauthorized Access/Disclosure,Paper/Films,No,
"Associated Radiologists of the Finger Lakes, P.C.",NY,Business Associate,501,2025-12-29,Hacking/IT Incident,Network Server,Yes,
"Docs Medical Group, Inc. dba Pulse Urgent Care",CA,Healthcare Provider,4035,2025-12-28,Hacking/IT Incident,Network Server,No,
CareOregon,OR,Health Plan,5473,2025-12-26,Unauthorized Access/Disclosure,Network Server,No,
"BlueCross BlueShield of Tennessee, Inc. ",TN,Business Associate,780,2025-12-26,Unauthorized Access/Disclosure,Email,Yes,
Glendale Obstetrics & Gynecology PCA,AZ,Healthcare Provider,501,2025-12-24,Hacking/IT Incident,Network Server,No,
AllerVie Health ,TX,Healthcare Provider,80521,2025-12-23,Hacking/IT Incident,Network Server,No,
Artemis Healthcare Inc.,TN,Healthcare Provider,45867,2025-12-23,Hacking/IT Incident,Network Server,No,
York Hospital,ME,Healthcare Provider,1259,2025-12-23,Unauthorized Access/Disclosure,Paper/Films,No,
Riverland Community Health,MN,Healthcare Provider,940,2025-12-23,Unauthorized Access/Disclosure,Network Server,Yes,
HAP (Health Alliance Plan),MI,Health Plan,1059,2025-12-22,Hacking/IT Incident,Email,No,
TapestryHealth,CT,Healthcare Provider,6494,2025-12-22,Unauthorized Access/Disclosure,Other,No,
Chicago Cosmetic Surgery and Dermatology,IL,Healthcare Provider,700,2025-12-22,Hacking/IT Incident,Network Server,No,
Reproductive Medicine Associates of Michigan,MI,Healthcare Provider,501,2025-12-19,Hacking/IT Incident,Network Server,No,
"Anesthesiology & Pain Consultants, LLC",LA,Healthcare Provider,538,2025-12-19,Unauthorized Access/Disclosure,Other Portable Electronic Device,No,
Howard Brown Health,IL,Healthcare Provider,8357,2025-12-19,Hacking/IT Incident,Electronic Medical Record,Yes,
Mitchell County Department of Social Services,NC,Healthcare Provider,501,2025-12-19,Hacking/IT Incident,Network Server,No,
"Medical Center, LLP",GA,Healthcare Provider,32090,2025-12-19,Hacking/IT Incident,Network Server,No,
North East Medical Services,CA,Healthcare Provider,91513,2025-12-18,Hacking/IT Incident,Network Server,No,
"Excellent Home Care Services, LLC",NY,Healthcare Provider,16278,2025-12-17,Hacking/IT Incident,Email,No,
FPMCM LLC,TN,Business Associate,2072,2025-12-15,Unauthorized Access/Disclosure,Email,Yes,
"OCAT, LLC dba Evoke Wellness at Hilliard",OH,Healthcare Provider,1629,2025-12-12,Unauthorized Access/Disclosure,Electronic Medical Record,No,
"Fieldtex Products, Inc.",NY,Business Associate,104071,2025-12-12,Hacking/IT Incident,Network Server,Yes,
"Heywood Healthcare Inc. including Henry Heywood Memorial Hospital, Athol Memorial Hospital, and Heywood Medical Group, Inc. (“Heywood”)",MA,Healthcare Provider,500,2025-12-12,Hacking/IT Incident,Network Server,No,
"Baltimore Medical System, Inc.",MA,Healthcare Provider,501,2025-12-12,Hacking/IT Incident,Network Server,No,
Centric Health,CA,Healthcare Provider,6855,2025-12-10,Hacking/IT Incident,"Electronic Medical Record, Network Server",Yes,
Heart of Texas Behavioral Health Network,TX,Healthcare Provider,1309,2025-12-10,Unauthorized Access/Disclosure,Paper/Films,No,
"Southern Oregon Neurosurgical and Spine Associates, PC",OR,Healthcare Provider,1000,2025-12-09,Hacking/IT Incident,Email,No,
Ochsner LSU Health – Regional Urology,LA,Healthcare Provider,4519,2025-12-09,Hacking/IT Incident,Network Server,No,
TriCity Family Services,IL,Healthcare Provider,2511,2025-12-08,Hacking/IT Incident,Network Server,No,
NCH Corporation Employee Benefits Plan,TX,Health Plan,3098,2025-12-05,Hacking/IT Incident,Network Server,No,
Columbia Medical Practice,MD,Healthcare Provider,3000,2025-12-05,Hacking/IT Incident,Network Server,No,
Greater St. Louis Oral & Maxillofacial Surgery PC ,MO,Healthcare Provider,501,2025-12-04,Hacking/IT Incident,Email,No,
"Fieldtex Products, Inc.",NY,Business Associate,5901,2025-12-03,Hacking/IT Incident,Network Server,Yes,
"Fieldtex Products, Inc.",NY,Business Associate,9206,2025-12-03,Hacking/IT Incident,Network Server,Yes,
"Fieldtex Products, Inc.",NY,Business Associate,20641,2025-12-03,Hacking/IT Incident,Network Server,Yes,
ConvenientMD LLC,NH,Healthcare Provider,1332,2025-12-02,Unauthorized Access/Disclosure,Email,No,
"West Texas Health, PLLC",TX,Business Associate,73720,2025-12-02,Hacking/IT Incident,Network Server,Yes,
Madison Healthcare Services,MN,Healthcare Provider,500,2025-12-02,Hacking/IT Incident,Network Server,No,
FedEx Corporation Group Health Plan,TN,Health Plan,1066,2025-12-01,Hacking/IT Incident,Network Server,Yes,
Sports Medicine & Orthopaedics,RI,Healthcare Provider,4000,2025-11-30,Hacking/IT Incident,Network Server,No,
Cerenade,CA,Business Associate,987,2025-11-30,Hacking/IT Incident,Network Server,Yes,
Richmond Behavioral Health Authority,VA,Healthcare Provider,113232,2025-11-28,Hacking/IT Incident,Network Server,No,
Spindletop Center,TX,Healthcare Provider,88863,2025-11-28,Hacking/IT Incident,Network Server,No,
Henry Ford Health,MI,Healthcare Provider,1984,2025-11-26,Unauthorized Access/Disclosure,Desktop Computer,No,
Persante Health Care ,NJ,Business Associate,111815,2025-11-26,Hacking/IT Incident,Network Server,Yes,
"Keystone Alliance, Inc.",IL,Business Associate,1021,2025-11-26,Hacking/IT Incident,Email,Yes,
Center for Urologic Care of Berks CO,PA,Healthcare Provider,543,2025-11-26,Hacking/IT Incident,Network Server,No,
"Davies, McFarland & Carroll LLC",PA,Business Associate,54712,2025-11-24,Hacking/IT Incident,Network Server,Yes,
"VITAS Hospice Services, LLC",FL,Healthcare Provider,319177,2025-11-24,Hacking/IT Incident,Network Server,No,
Millcreek Pediatrics,DE,Healthcare Provider,14095,2025-11-21,Hacking/IT Incident,Network Server,No,
"NS Support, LLC",ID,Healthcare Provider,92845,2025-11-21,Hacking/IT Incident,Network Server,No,
"Med Atlantic, Inc.",VA,Business Associate,500,2025-11-21,Hacking/IT Incident,Network Server,Yes,
Delta Dental of Virginia,VA,Health Plan,126953,2025-11-21,Hacking/IT Incident,Email,No,
Nura PLLC,MN,Healthcare Provider,5207,2025-11-21,Hacking/IT Incident,Email,No,
"Fieldtex Products, Inc.",NY,Business Associate,238615,2025-11-20,Hacking/IT Incident,Network Server,Yes,
Dr. Michael Kaplan DO PC DBA Long Island Weight Loss Institute,NY,Healthcare Provider,3426,2025-11-20,Hacking/IT Incident,Network Server,No,
Personic Management Company LLC,VA,Business Associate,10929,2025-11-19,Hacking/IT Incident,Network Server,Yes,
County of Catawba,NC,Health Plan,500,2025-11-19,Hacking/IT Incident,Network Server,No,
NAHGA Claim Services,ME,Health Plan,26906,2025-11-19,Hacking/IT Incident,Network Server,No,
Anchorage Neighborhood Health Center ,AK,Healthcare Provider,70555,2025-11-19,Hacking/IT Incident,Network Server,No,
Dermatology Associates of Concord,MA,Healthcare Provider,501,2025-11-18,Hacking/IT Incident,Network Server,No,
"Marrs Ear, Nose & Throat, PA",FL,Healthcare Provider,6376,2025-11-18,Unauthorized Access/Disclosure,Email,No,
St. John’s Riverside Hospital,NY,Healthcare Provider,2238,2025-11-14,Hacking/IT Incident,Email,No,
Optum Financial Services,MN,Business Associate,2124,2025-11-13,Unauthorized Access/Disclosure,Paper/Films,Yes,
West Suburban Eye Surgery Center LLC,MA,Business Associate,500,2025-11-11,Unauthorized Access/Disclosure,Electronic Medical Record,Yes,
Morton Drug Company,WI,Healthcare Provider,40051,2025-11-10,Hacking/IT Incident,Network Server,No,
Steven J. Pearlman MD PC ,NY,Healthcare Provider,10182,2025-11-09,Hacking/IT Incident,Network Server,No,
"Healthcare Therapy Services, Inc.",IN,Healthcare Provider,15027,2025-11-08,Hacking/IT Incident,Email,No,
Marshfield Clinic Health System ,WI,Healthcare Provider,35952,2025-11-07,Hacking/IT Incident,Email,No,
"Loving and Living Center, PC dba Awakenings Center",NC,Healthcare Provider,17800,2025-11-07,Hacking/IT Incident,Electronic Medical Record,No,
The Chase Group Employee Benefit Plan,NM,Health Plan,817,2025-11-06,Hacking/IT Incident,Network Server,No,
Archer Health,CA,Healthcare Provider,4285,2025-11-06,Hacking/IT Incident,Network Server,No,
Motorola Solutions,IL,Health Plan,22600,2025-11-05,Hacking/IT Incident,Network Server,No,
Tampa Bay Treatment Associates,FL,Healthcare Provider,3682,2025-11-05,Theft,Electronic Medical Record,No,
Denton MHMR Center,TX,Healthcare Provider,108967,2025-11-05,Hacking/IT Incident,Network Server,No,
Tri Century Eye Care PC,PA,Healthcare Provider,200000,2025-10-31,Hacking/IT Incident,Network Server,No,
Expert MRI,CA,Healthcare Provider,209560,2025-10-31,Hacking/IT Incident,Network Server,No,
Judson Center,MI,Healthcare Provider,976,2025-10-31,Hacking/IT Incident,Network Server,No,
Beverly Hills Oncology Medical Group,CA,Healthcare Provider,57655,2025-10-31,Hacking/IT Incident,Network Server,No,
Hale Makua Health Services,HI,Healthcare Provider,500,2025-10-29,Hacking/IT Incident,Network Server,No,
"Northwest Radiologists, Inc./Mount Baker Imaging",WA,Healthcare Provider,362713,2025-10-28,Hacking/IT Incident,Network Server,No,
Health Management Systems of America,MI,Healthcare Provider,4213,2025-10-27,Hacking/IT Incident,Email,No,
"REACH, Inc",AK,Healthcare Provider,1195,2025-10-27,Hacking/IT Incident,Email,No,
"VirMedice, LLC",AZ,Business Associate,1000,2025-10-25,Hacking/IT Incident,Network Server,Yes,
Physicians to Children & Adolescents,KY,Healthcare Provider,9536,2025-10-24,Hacking/IT Incident,Network Server,No,
Saint Mary’s Home of Erie ,PA,Healthcare Provider,501,2025-10-24,Hacking/IT Incident,Network Server,No,
Southwest Urology,OH,Healthcare Provider,1310,2025-10-24,Hacking/IT Incident,Network Server,Yes,
Fairbanks Urology,AK,Healthcare Provider,1446,2025-10-24,Hacking/IT Incident,Network Server,Yes,
"Michael R. Schwartz, MD Inc.",CA,Healthcare Provider,9080,2025-10-23,Hacking/IT Incident,Desktop Computer,No,
"Legacy Health, LLC",TX,Business Associate,6547,2025-10-23,Unauthorized Access/Disclosure,Electronic Medical Record,Yes,
"Express Canna Cards, LLC",FL,Healthcare Provider,5000,2025-10-20,Unauthorized Access/Disclosure,Electronic Medical Record,No,
Heartland Health Center ,NE,Healthcare Provider,43728,2025-10-17,Hacking/IT Incident,Network Server,No,
North Atlantic States Carpenters Health Benefits Fund,MA,Health Plan,501,2025-10-17,Hacking/IT Incident,Network Server,No,
"Modernizing Medicine, Inc.",FL,Business Associate,198795,2025-10-17,Hacking/IT Incident,Network Server,Yes,
"Coalesce, LLC dba Benefitelect",AZ,Business Associate,501,2025-10-15,Hacking/IT Incident,Network Server,Yes,
"Visiting Nurse Association of Texas, LLC",TX,Healthcare Provider,28515,2025-10-10,Hacking/IT Incident,Email,No,
Conduent Business Services LLC,NJ,Business Associate,42616,2025-10-08,Hacking/IT Incident,Network Server,Yes,
"Wellpoint, Inc.",IN,Business Associate,579,2025-10-07,Hacking/IT Incident,Network Server,Yes,
Sierra Vista Hospital & Clinics,NM,Healthcare Provider,75054,2025-10-06,Hacking/IT Incident,Network Server,No,
"OB-GYN Associates, Ltd. dba OBGYN Associates ",NV,Healthcare Provider,62238,2025-10-06,Hacking/IT Incident,Network Server,No,
Cardiovascular Medicine Associates (doing business as MyCardiologist) ,FL,Healthcare Provider,2248,2025-10-06,Hacking/IT Incident,Email,No,
Space Coast Vascular,FL,Healthcare Provider,18819,2025-10-06,Hacking/IT Incident,Network Server,No,
Brightstar Global Solutions Corporation,RI,Health Plan,103879,2025-10-03,Hacking/IT Incident,Network Server,No,
Arizona Health Care Cost Containment System- State Medicaid Agency,AZ,Health Plan,3177,2025-10-03,Unauthorized Access/Disclosure,Electronic Medical Record,No,
"Florida Health Sciences Center, Inc",FL,Healthcare Provider,896,2025-10-03,Unauthorized Access/Disclosure,Paper/Films,No,
Harris County Hospital District d/b/a Harris Health ,TX,Healthcare Provider,5357,2025-10-03,Unauthorized Access/Disclosure,Electronic Medical Record,No,
"Revere Health, PC",UT,Healthcare Provider,10800,2025-10-02,Hacking/IT Incident,Network Server,No,
"Weekend Health, LLC",NY,Business Associate,1643,2025-09-30,Unauthorized Access/Disclosure,Network Server,Yes,
Harbor,OH,Healthcare Provider,216000,2025-09-30,Hacking/IT Incident,Network Server,No,
Blue Shield of California ,CA,Business Associate,607,2025-09-29,Unauthorized Access/Disclosure,Paper/Films,Yes,
"Belkorp Ag, LLC",CA,Health Plan,942,2025-09-29,Hacking/IT Incident,Network Server,No,
Blue Shield of California,CA,Health Plan,93921,2025-09-29,Unauthorized Access/Disclosure,Paper/Films,No,
Gainwell Technologies LLC,TX,Business Associate,912,2025-09-26,Unauthorized Access/Disclosure,Other,Yes,
VIVA Health,AL,Health Plan,4945,2025-09-26,Unauthorized Access/Disclosure,Other,No,
Intercommunity Action Inc. ,PA,Healthcare Provider,2680,2025-09-26,Hacking/IT Incident,Network Server,No,
Rockhill Women’s Care,MO,Healthcare Provider,70129,2025-09-25,Hacking/IT Incident,Network Server,No,
Susan B. Allen Memorial Hospital,KS,Healthcare Provider,12097,2025-09-25,Hacking/IT Incident,"Desktop Computer, Network Server",No,
Doctors Imaging Group,FL,Healthcare Provider,171862,2025-09-24,Hacking/IT Incident,Network Server,No,
Healthcare Interactive,MD,Business Associate,501,2025-09-22,Hacking/IT Incident,Network Server,Yes,
"City of St. Joseph, MO Health Department ",MO,Healthcare Provider,11538,2025-09-22,Hacking/IT Incident,Network Server,No,
People Encouraging People,MD,Healthcare Provider,13083,2025-09-19,Hacking/IT Incident,Network Server,No,
"Health & Palliative Services of the Treasure Coast, Inc d/b/a Treasure Coast Hospice  (“Treasure Health ”)",FL,Healthcare Provider,13230,2025-09-19,Unauthorized Access/Disclosure,Email,No,
"Ennoble Care & Circa Health, LLC",NJ,Healthcare Provider,36332,2025-09-18,Hacking/IT Incident,Email,No,
Sun Valley Surgery Center,NV,Healthcare Provider,27001,2025-09-18,Hacking/IT Incident,Network Server,No,
Sturgis Hospital,MI,Health Plan,77771,2025-09-18,Hacking/IT Incident,Network Server,No,
Sturgis Hospital,MI,Healthcare Provider,77771,2025-09-18,Hacking/IT Incident,Network Server,No,
Trusteed Plan Services Corporation,WA,Business Associate,7977,2025-09-17,Hacking/IT Incident,Network Server,Yes,
Munson Healthcare,MI,Healthcare Provider,1186,2025-09-17,Unauthorized Access/Disclosure,Paper/Films,No,
Saint Anthony Hospital ,IL,Healthcare Provider,6679,2025-09-12,Hacking/IT Incident,Email,No,
North Penn Comprehensive Health Services d.b.a Laurel Health Centers,PA,Healthcare Provider,991,2025-09-12,Hacking/IT Incident,Email,No,
Cookeville Regional Medical Center,TN,Healthcare Provider,500,2025-09-12,Hacking/IT Incident,Network Server,No,
"Franklin Dermatology Group, PLC",TN,Healthcare Provider,2457,2025-09-11,Hacking/IT Incident,Network Server,Yes,
Western Skies Wellness LLC,OR,Healthcare Provider,1700,2025-09-11,Unauthorized Access/Disclosure,"Electronic Medical Record, Other",No,
"PGA Development, Inc.",PA,Healthcare Provider,23899,2025-09-10,Hacking/IT Incident,Network Server,No,
Texas Center for Infectious Disease Associates,TX,Healthcare Provider,1236,2025-09-10,Hacking/IT Incident,Email,No,
Coos County Family Health Services,NH,Healthcare Provider,501,2025-09-05,Hacking/IT Incident,Network Server,No,
Somerset County Children and Youth Services,PA,Healthcare Provider,2251,2025-09-05,Hacking/IT Incident,Email,No,
"Medical Associates of Brevard, LLC",FL,Healthcare Provider,246711,2025-09-05,Hacking/IT Incident,Network Server,No,
Twin Cities Pain Clinic,MN,Healthcare Provider,3572,2025-09-04,Hacking/IT Incident,Email,No,
Retina Group of Florida,FL,Healthcare Provider,152691,2025-09-03,Hacking/IT Incident,Network Server,No,
Teamsters Union 25 Health Services & Insurance Plan,MA,Health Plan,19231,2025-09-03,Hacking/IT Incident,Network Server,No,
"La Perouse, LLC",NV,Business Associate,501,2025-09-02,Hacking/IT Incident,Network Server,Yes,
North Oaks Health System,LA,Healthcare Provider,6243,2025-09-02,Hacking/IT Incident,Email,No,
University of Iowa Community Home Care,IA,Healthcare Provider,109029,2025-08-29,Hacking/IT Incident,Network Server,No,
University of Iowa Health Care,IA,Healthcare Provider,101875,2025-08-29,Hacking/IT Incident,Network Server,No,
"Carrollton Ear, Nose and Throat, PC",GA,Healthcare Provider,3569,2025-08-29,Hacking/IT Incident,Network Server,No,
Reimagine Network,CA,Healthcare Provider,4799,2025-08-29,Hacking/IT Incident,Network Server,No,
Anthony L. Jordan Health Corporation ,NY,Healthcare Provider,2974,2025-08-29,Hacking/IT Incident,Email,No,
Greater Pittsburgh Orthopaedics Associates,PA,Healthcare Provider,35000,2025-08-27,Hacking/IT Incident,Desktop Computer,No,
College Hometown Pharmacy,NY,Healthcare Provider,9742,2025-08-25,Hacking/IT Incident,Network Server,No,
College Parkside Pharmacy,NY,Healthcare Provider,5736,2025-08-25,Hacking/IT Incident,Network Server,No,
"Assisted Living Pharmacy Service, LLC",WI,Healthcare Provider,5590,2025-08-25,Hacking/IT Incident,Network Server,No,
Prime Therapeutics LLC,MN,Business Associate,2266,2025-08-25,Unauthorized Access/Disclosure,Laptop,Yes,
"Pacific Imaging Management, LLC",CA,Healthcare Provider,13158,2025-08-25,Hacking/IT Incident,Email,No,
zizzl llc,WI,Business Associate,2416,2025-08-22,Hacking/IT Incident,Email,Yes,
Beech Acres Parenting Center ,OH,Healthcare Provider,19315,2025-08-22,Hacking/IT Incident,Network Server,No,
"Department of Social Services for Vance County, North Carolina",NC,Business Associate,501,2025-08-22,Hacking/IT Incident,Network Server,Yes,
"Independent Health Association, Inc.",NY,Health Plan,637,2025-08-22,Unauthorized Access/Disclosure,Other,No,
McEwen & Associates,TX,Business Associate,500,2025-08-21,Hacking/IT Incident,Network Server,Yes,
McEwen & Associates,TX,Business Associate,500,2025-08-21,Hacking/IT Incident,Network Server,Yes,
McEwen & Associates,TX,Business Associate,500,2025-08-21,Hacking/IT Incident,Network Server,Yes,
"Vital Imaging Medical Diagnostic Centers, LLC",FL,Healthcare Provider,260000,2025-08-21,Hacking/IT Incident,Network Server,No,
"Preferred Hospital Leasing Hemphill Inc., d/b/a Sabine County Hospital",TX,Healthcare Provider,7600,2025-08-21,Hacking/IT Incident,Email,No,
Arkansas Primary Care Clinic,AR,Healthcare Provider,2491,2025-08-20,Hacking/IT Incident,Network Server,No,
Revere Health PC,UT,Healthcare Provider,605,2025-08-19,Hacking/IT Incident,Desktop Computer,No,
"CareTracker, Inc.",NY,Business Associate,501,2025-08-18,Hacking/IT Incident,Network Server,Yes,
Bevel Health Medical Group,PA,Healthcare Provider,510,2025-08-18,Unauthorized Access/Disclosure,Electronic Medical Record,No,
"Pediatric Otolaryngology Head & Neck Surgery Associates, P.A.",FL,Healthcare Provider,43446,2025-08-18,Hacking/IT Incident,Network Server,No,
CPAP Medical Supplies and Services Inc. ,FL,Healthcare Provider,90133,2025-08-15,Hacking/IT Incident,Network Server,No,
"Lake City Cancer Care, LLC",FL,Healthcare Provider,9980,2025-08-15,Hacking/IT Incident,Network Server,Yes,
Mower County Health and Human Services,MN,Healthcare Provider,501,2025-08-15,Hacking/IT Incident,Network Server,No,
Welcome Dentistry-Anaheim,CA,Healthcare Provider,1001,2025-08-15,Hacking/IT Incident,Network Server,No,
Welcome Dentistry-Los Angeles,CA,Healthcare Provider,1001,2025-08-13,Hacking/IT Incident,Network Server,No,
UnitedHealthcare,CT,Health Plan,3215,2025-08-12,Unauthorized Access/Disclosure,Paper/Films,No,
"Laurel Cancer Care, LLC",MS,Healthcare Provider,1541,2025-08-12,Hacking/IT Incident,Email,Yes,
Zelis Healthcare LLC,MA,Business Associate,4289,2025-08-12,Unauthorized Access/Disclosure,Paper/Films,Yes,
Altos Inc,CA,Business Associate,1634,2025-08-11,Hacking/IT Incident,Network Server,Yes,
Altos Inc,CA,Business Associate,1520,2025-08-11,Hacking/IT Incident,Network Server,Yes,
Altos Inc,CA,Business Associate,1011,2025-08-11,Hacking/IT Incident,Network Server,Yes,
Altos Inc,CA,Business Associate,882,2025-08-11,Hacking/IT Incident,Network Server,Yes,
Altos Inc,CA,Business Associate,2366,2025-08-11,Hacking/IT Incident,Network Server,Yes,
Altos Inc,CA,Business Associate,2700,2025-08-11,Hacking/IT Incident,Network Server,Yes,
Altos Inc,CA,Business Associate,6414,2025-08-11,Hacking/IT Incident,Network Server,Yes,
Dr. Doug's Pediatric Dentistry,UT,Healthcare Provider,3590,2025-08-11,Hacking/IT Incident,Email,No,
"Mission City Community Network, Inc.",CA,Healthcare Provider,11016,2025-08-09,Hacking/IT Incident,Network Server,No,
Aflac Incorporated (“Aflac”),GA,Health Plan,13924906,2025-08-08,Hacking/IT Incident,Network Server,No,
Friesen Group,CA,Healthcare Provider,500,2025-08-08,Hacking/IT Incident,Network Server,No,
"Center for Disability Services, Inc.",NY,Healthcare Provider,3343,2025-08-08,Hacking/IT Incident,Email,No,
PROVAIL,WA,Healthcare Provider,501,2025-08-08,Hacking/IT Incident,Network Server,No,
South Coast Pediatrics,CA,Healthcare Provider,7000,2025-08-05,Hacking/IT Incident,Network Server,No,
"Oglethorpe, Inc.",FL,Healthcare Provider,92332,2025-08-05,Hacking/IT Incident,Network Server,No,
Precision Edodontics of Raleigh,NC,Healthcare Provider,4022,2025-08-05,Hacking/IT Incident,Email,No,
MDLand International Corporation ,NY,Business Associate,22586,2025-08-04,Hacking/IT Incident,Network Server,Yes,
Genoa Community Hospital/LTC,NE,Healthcare Provider,2544,2025-08-04,Hacking/IT Incident,Email,No,
Highlands Oncology Group PA,AR,Healthcare Provider,111766,2025-08-01,Hacking/IT Incident,Network Server,No,
"Langdon & Company, LLP Certified Public Accountants",NC,Business Associate,46061,2025-08-01,Hacking/IT Incident,Network Server,Yes,
DaVita Inc.,CO,Healthcare Provider,2689826,2025-08-01,Hacking/IT Incident,Network Server,No,
Western Montana Clinic PC,MT,Healthcare Provider,8255,2025-08-01,Hacking/IT Incident,Email,No,
Vail Summit Orthopaedics,CO,Healthcare Provider,5044,2025-07-31,Hacking/IT Incident,Email,No,
Central Maine Healthcare,ME,Healthcare Provider,7223,2025-07-31,Hacking/IT Incident,Network Server,No,
"Berkshire Health Systems, Inc.",MA,Healthcare Provider,1421,2025-07-30,Unauthorized Access/Disclosure,Electronic Medical Record,No,
The Center at Cordera,CO,Healthcare Provider,6057,2025-07-29,Hacking/IT Incident,Network Server,No,
"Compass Counseling Services, LLC",FL,Healthcare Provider,5440,2025-07-29,Hacking/IT Incident,Network Server,No,
"Alera Group, Inc.",IL,Business Associate,155567,2025-07-29,Hacking/IT Incident,Network Server,Yes,
"PhyNet Dermatology, LLC",TN,Business Associate,1308,2025-07-29,Hacking/IT Incident,Email,Yes,
University of Miami,FL,Healthcare Provider,2928,2025-07-29,Unauthorized Access/Disclosure,Electronic Medical Record,No,
"Northwest Denture Center, Inc. ",WA,Healthcare Provider,19419,2025-07-25,Hacking/IT Incident,Network Server,No,
Doctors’ Memorial Hospital ,FL,Healthcare Provider,500,2025-07-25,Hacking/IT Incident,Network Server,Yes,
"Nova Recovery Center, LLC d/b/a Nova Recovery Center",TX,Healthcare Provider,6242,2025-07-24,Hacking/IT Incident,Network Server,No,
McKenzie Memorial Hospital,MI,Healthcare Provider,58839,2025-07-24,Hacking/IT Incident,Network Server,No,
Gastroenterology Consultants of South Texas ,TX,Healthcare Provider,44579,2025-07-22,Hacking/IT Incident,Network Server,No,
Kettering Adventist Healthcare,OH,Healthcare Provider,501,2025-07-21,Hacking/IT Incident,Network Server,No,
OrthoAtlanta LLC,GA,Business Associate,626,2025-07-21,Hacking/IT Incident,Email,Yes,
"Infinite Services, Inc.",NY,Healthcare Provider,31742,2025-07-21,Hacking/IT Incident,Network Server,No,
Dr. Michael Bilikas and Associates d.b.a. 32 Pearls,WA,Healthcare Provider,23517,2025-07-21,Hacking/IT Incident,Network Server,No,
Blue Shield of California,CA,Health Plan,783,2025-07-21,Unauthorized Access/Disclosure,"Laptop, Network Server, Other",No,
Equilibria Mental Health Services,PA,Healthcare Provider,3232,2025-07-20,Hacking/IT Incident,Email,No,
"Keys Pathology Associates, PA",FL,Healthcare Provider,20000,2025-07-19,Hacking/IT Incident,Network Server,Yes,
Oregon Specialty Group,OR,Healthcare Provider,3337,2025-07-18,Hacking/IT Incident,Network Server,No,
The Brien Center for Mental Health and Substance Abuse Services,MA,Healthcare Provider,5427,2025-07-18,Hacking/IT Incident,Network Server,No,
Human Development Services of Westchester,NY,Healthcare Provider,501,2025-07-18,Hacking/IT Incident,Email,No,
Self Regional Healthcare,SC,Healthcare Provider,26696,2025-07-17,Hacking/IT Incident,Network Server,Yes,
Mid South Rehab Services Inc. ,MS,Healthcare Provider,1316,2025-07-15,Hacking/IT Incident,Email,No,
Williamsburg Area Medical Assistance Corporation d/b/a Olde Towne Medical and Dental Center (OTMDC),VA,Healthcare Provider,2567,2025-07-13,Hacking/IT Incident,Network Server,No,
Regency Oaks,FL,Healthcare Provider,2008,2025-07-11,Hacking/IT Incident,Email,No,
Freedom Plaza Senior Living,FL,Healthcare Provider,4847,2025-07-11,Hacking/IT Incident,Email,No,
Freedom Square of Seminole,FL,Healthcare Provider,3473,2025-07-11,Hacking/IT Incident,Email,No,
"Picis Clinical Solutions, Inc. d/b/a Medstreaming",MA,Business Associate,500,2025-07-11,Hacking/IT Incident,Network Server,Yes,
Covenant Health ,MA,Business Associate,7864,2025-07-11,Hacking/IT Incident,Network Server,Yes,
Anne Arundel Dermatology ,MD,Healthcare Provider,1905000,2025-07-11,Hacking/IT Incident,Network Server,No,
Mountain Laurel Dermatology,NC,Healthcare Provider,3324,2025-07-10,Hacking/IT Incident,Network Server,No,
Naper Grove Vision Care,IL,Healthcare Provider,501,2025-07-10,Hacking/IT Incident,Network Server,No,
"Florida Lung, Asthma & Sleep Specialists (FLASS)",FL,Healthcare Provider,10000,2025-07-09,Hacking/IT Incident,Network Server,No,
Ascension Health Services LLC dba Alpha Wellness & Alpha Medical Centre,GA,Healthcare Provider,1714,2025-07-08,Hacking/IT Incident,Network Server,No,
Complete Care Rehab LLC,MI,Healthcare Provider,4764,2025-07-08,Hacking/IT Incident,Network Server,No,
K&E Advanced Dentisrty,OH,Healthcare Provider,1700,2025-07-07,Hacking/IT Incident,Email,No,
City of Franklin,WI,Healthcare Provider,3233,2025-07-03,Hacking/IT Incident,Network Server,No,
"Zumpano Patricios, P.A.",FL,Business Associate,279275,2025-07-03,Hacking/IT Incident,Network Server,Yes,
Cierant Corporation ,CT,Business Associate,232506,2025-07-03,Hacking/IT Incident,Network Server,Yes,
"Arbor Associates, Inc.",MI,Business Associate,17040,2025-07-03,Hacking/IT Incident,Network Server,Yes,
Urology Associates of Charleston,SC,Healthcare Provider,2060,2025-07-03,Hacking/IT Incident,Email,No,
"Radiology Associates of Richmond, Inc.",VA,Healthcare Provider,1419091,2025-07-01,Hacking/IT Incident,Network Server,No,
Texas Center for Infectious Disease Associates,TX,Healthcare Provider,19481,2025-06-30,Hacking/IT Incident,Network Server,No,
Centers for Medicare & Medicaid Services,MD,Health Plan,107154,2025-06-30,Hacking/IT Incident,Network Server,No,
Clinical Practices of the University of Pennsylvania,PA,Healthcare Provider,1432,2025-06-30,Unauthorized Access/Disclosure,Paper/Films,No,
Southwest Urology,OH,Healthcare Provider,7214,2025-06-27,Hacking/IT Incident,Email,Yes,
"Radiation Oncology Network of Southern California, LLC",CA,Healthcare Provider,12944,2025-06-27,Hacking/IT Incident,Email,Yes,
PDCM Insurance,IA,Business Associate,501,2025-06-27,Hacking/IT Incident,Network Server,Yes,
Rocky Mountain Oncology Care,WY,Healthcare Provider,10268,2025-06-27,Hacking/IT Incident,Email,Yes,
PET Imaging of Tulsa,OK,Healthcare Provider,3159,2025-06-27,Hacking/IT Incident,Email,Yes,
PET Imaging of The Woodlands,TX,Healthcare Provider,2978,2025-06-27,Hacking/IT Incident,Email,Yes,
PET Imaging of Northern Colorado,CO,Healthcare Provider,4824,2025-06-27,Hacking/IT Incident,Email,Yes,
PET Imaging of Houston Medical Center,TX,Healthcare Provider,1236,2025-06-27,Hacking/IT Incident,Email,Yes,
PET Imaging of Dallas Northeast,TX,Healthcare Provider,1935,2025-06-27,Hacking/IT Incident,Email,Yes,
Orange County Radiation Oncology Medical Group,CA,Healthcare Provider,1911,2025-06-27,Hacking/IT Incident,Email,Yes,
"Lake City Cancer Care, LLC",FL,Healthcare Provider,15142,2025-06-27,Hacking/IT Incident,Email,Yes,
Heartland Regional Medical Center d/b/a Mosaic Life Care,MO,Healthcare Provider,145269,2025-06-27,Hacking/IT Incident,Network Server,Yes,
"Compumedics USA, Inc.",NC,Business Associate,318150,2025-06-27,Hacking/IT Incident,Network Server,Yes,
Integrated Oncology Network,TN,Business Associate,4174,2025-06-27,Hacking/IT Incident,Email,Yes,
Fairbanks Urology,AK,Healthcare Provider,4289,2025-06-27,Hacking/IT Incident,Email,Yes,
Denali Biomedical,AK,Healthcare Provider,2413,2025-06-27,Hacking/IT Incident,Email,Yes,
Horizon Healthcare RCM,IN,Healthcare Clearing House,210901,2025-06-27,Hacking/IT Incident,Network Server,No,
Cancer Care Center of North Florida-Lake Butler,FL,Healthcare Provider,976,2025-06-27,Hacking/IT Incident,Email,Yes,
California Cancer Associates for Research and Excellence – San Diego,CA,Healthcare Provider,638,2025-06-27,Hacking/IT Incident,Email,Yes,
California Cancer Associates for Research and Excellence – High Desert,CA,Healthcare Provider,17250,2025-06-27,Hacking/IT Incident,Email,Yes,
Bardmoor Cancer Center,FL,Healthcare Provider,991,2025-06-27,Hacking/IT Incident,Email,Yes,
"Acadiana Radiation Therapy, LLC",LA,Healthcare Provider,2219,2025-06-27,Hacking/IT Incident,Email,Yes,
"Jordan Drug, Inc.",KY,Healthcare Provider,4947,2025-06-26,Hacking/IT Incident,Network Server,No,
Clement Manor,WI,Healthcare Provider,16046,2025-06-25,Hacking/IT Incident,Network Server,No,
McLaren Health Care,MI,Healthcare Provider,743131,2025-06-24,Hacking/IT Incident,Network Server,No,
Gardner Orthopedics LLC,FL,Healthcare Provider,47000,2025-06-24,Hacking/IT Incident,Desktop Computer,No,
Minneapolis VA Medical Center,MN,Healthcare Provider,1099,2025-06-24,Unauthorized Access/Disclosure,Paper/Films,No,
Mainline Health Systems Inc,AR,Healthcare Provider,101104,2025-06-23,Hacking/IT Incident,Network Server,No,
Blue Shield of California,CA,Business Associate,673,2025-06-23,Unauthorized Access/Disclosure,Email,Yes,
Esse Health ,MO,Healthcare Provider,23671,2025-06-20,Hacking/IT Incident,Network Server,No,
"Los Angeles County Developmental Services Fdn., Inc. dba Frank D. Lanterman Regional Ctr.",CA,Healthcare Provider,19000,2025-06-20,Hacking/IT Incident,Email,No,
"Retina Associates of Cleveland, Inc.",OH,Healthcare Provider,3604,2025-06-20,Hacking/IT Incident,Email,No,
Harbor,OH,Healthcare Provider,2703,2025-06-20,Hacking/IT Incident,Email,No,
Skin Care Specialty Physicians,MD,Healthcare Provider,1038,2025-06-19,Hacking/IT Incident,Email,No,
"TRG, LLC ",OR,Healthcare Provider,70434,2025-06-18,Hacking/IT Incident,Network Server,Yes,
Iron County Medical Center,MO,Healthcare Provider,10239,2025-06-18,Hacking/IT Incident,Email,No,
Marquette County Medical Care Facility,OH,Healthcare Provider,1499,2025-06-18,Hacking/IT Incident,Email,No,
Winkler County Hospital District,TX,Healthcare Provider,637,2025-06-17,Unauthorized Access/Disclosure,Email,No,
Broadwest Specialty Surgical Center,IN,Healthcare Provider,536,2025-06-17,Hacking/IT Incident,Network Server,Yes,
"Decisely Insurance Services, LLC",GA,Business Associate,537603,2025-06-13,Hacking/IT Incident,"Network Server, Other",Yes,
Central Kentucky Radiology,KY,Healthcare Provider,166953,2025-06-13,Hacking/IT Incident,Network Server,No,
Diversified Services Enterprises,FL,Business Associate,501,2025-06-13,Hacking/IT Incident,Network Server,Yes,
Elmore County,ID,Healthcare Provider,931,2025-06-13,Hacking/IT Incident,Email,No,
AltaMed Health Services Corporation,CA,Healthcare Provider,4530,2025-06-13,Unauthorized Access/Disclosure,Email,No,
Mount Rogers Community Services,VA,Healthcare Provider,38191,2025-06-13,Hacking/IT Incident,Network Server,No,
Imperial Beach Community Clinic,CA,Healthcare Provider,10358,2025-06-12,Hacking/IT Incident,Network Server,No,
Kelley Drye & Warren LLP,NY,Business Associate,771,2025-06-12,Hacking/IT Incident,Network Server,Yes,
Rural Health Services ,SC,Healthcare Provider,36542,2025-06-12,Hacking/IT Incident,Network Server,No,
Clarkston Chiropractic Sports & Wellness,MI,Healthcare Provider,2757,2025-06-11,Hacking/IT Incident,Network Server,Yes,
"Repay Management Services, LLC",GA,Health Plan,606,2025-06-10,Hacking/IT Incident,Network Server,Yes,
"Southern Connecticut Vascular Center, LLC",CT,Healthcare Provider,154417,2025-06-09,Hacking/IT Incident,Network Server,No,
"Episource, LLC",CA,Business Associate,6725572,2025-06-06,Hacking/IT Incident,Network Server,Yes,
Blue Shield of California,CA,Business Associate,1543,2025-06-06,Unauthorized Access/Disclosure,Other,Yes,
Sharp Community Medical Group,CA,Healthcare Provider,26976,2025-06-06,Hacking/IT Incident,Network Server,Yes,
Public Health Trust of Miami Dade County DBA Jackson Health System,FL,Healthcare Provider,2599,2025-06-06,Unauthorized Access/Disclosure,Electronic Medical Record,No,
Sharp HealthCare,CA,Healthcare Provider,500,2025-06-06,Hacking/IT Incident,Network Server,Yes,
"Huron Regional Medical Center, Inc.",SD,Healthcare Provider,25398,2025-06-06,Hacking/IT Incident,Network Server,No,
Centivo Corporation,GA,Business Associate,630,2025-06-06,Unauthorized Access/Disclosure,Email,Yes,
NYC Health + Hospitals,NY,Healthcare Provider,5728,2025-06-06,Hacking/IT Incident,Network Server,Yes,
"Sensata Technologies, Inc. Health and Welfare Benefit Plan",MA,Health Plan,15630,2025-06-05,Hacking/IT Incident,Network Server,No,
Jupiter Family Medicine PC,MI,Healthcare Provider,3000,2025-06-05,Unauthorized Access/Disclosure,Paper/Films,No,
Renkim Corporation,MI,Business Associate,105518,2025-06-02,Hacking/IT Incident,Network Server,Yes,
Cumberland County Hospital Association,KY,Healthcare Provider,36659,2025-06-02,Hacking/IT Incident,Other,No,
Upper Dublin Family Dentistry,PA,Healthcare Provider,5000,2025-05-30,Hacking/IT Incident,Network Server,No,
Oliver Street Dermatology Management LLC ,TX,Business Associate,13717,2025-05-30,Hacking/IT Incident,Network Server,Yes,
"Providia Home Care, LLC dba Preferred Care Home Health Services",FL,Healthcare Provider,38401,2025-05-30,Hacking/IT Incident,Email,No,
Horizon Blue Cross Blue Shield NJ,NJ,Health Plan,781,2025-05-30,Hacking/IT Incident,Network Server,No,
Next Step Healthcare LLC,MA,Healthcare Provider,12090,2025-05-30,Hacking/IT Incident,Network Server,No,
Missouri Department of Conservation,MO,Health Plan,10260,2025-05-30,Hacking/IT Incident,Network Server,No,
Northwestern Community Services Board,VA,Healthcare Provider,21856,2025-05-29,Hacking/IT Incident,Network Server,No,
"Gateway Community Services, Inc. ",FL,Healthcare Provider,34498,2025-05-29,Hacking/IT Incident,Network Server,No,
Erlanger Health,TN,Healthcare Provider,3371,2025-05-28,Hacking/IT Incident,Network Server,Yes,
The Smith Institute for Urology,NY,Healthcare Provider,2263,2025-05-28,Unauthorized Access/Disclosure,Desktop Computer,No,
"Covenant Surgical Partners, Inc.",TX,Business Associate,88609,2025-05-28,Hacking/IT Incident,Network Server,Yes,
"Mary B. Toporcer, MD, P.C.",PA,Healthcare Provider,501,2025-05-28,Hacking/IT Incident,Email,No,
Cahaba Center for Mental Health,AL,Healthcare Provider,501,2025-05-27,Hacking/IT Incident,Email,No,
NHPP Physical Medicine and Rehabilitation,NY,Healthcare Provider,1353,2025-05-23,Unauthorized Access/Disclosure,Other,No,
"Sports Physical Therapy, Occupational Therapy and Rehabilitation Services of the North Shore, P.L.L.C",NY,Healthcare Provider,6195,2025-05-23,Unauthorized Access/Disclosure,Other,No,
North Shore University Hospital Sleep Disorders Center,NY,Healthcare Provider,13332,2025-05-23,Unauthorized Access/Disclosure,Other,No,
The Cooper Health System,NJ,Healthcare Provider,57412,2025-05-23,Hacking/IT Incident,Network Server,No,
Access2Day Health ,LA,Business Associate,4908,2025-05-23,Hacking/IT Incident,Email,Yes,
Connections for Kids,ME,Healthcare Provider,938,2025-05-23,Hacking/IT Incident,Email,No,
Instituto de Ojos de Puerto Rico,,Healthcare Provider,50000,2025-05-19,Hacking/IT Incident,Network Server,No,
Community Hospital of Anaconda,MT,Healthcare Provider,21243,2025-05-19,Hacking/IT Incident,Network Server,No,
Insulet Corporation,MA,Healthcare Provider,841,2025-05-16,Unauthorized Access/Disclosure,Network Server,No,
"Mercy Surgical Dressing Group, Inc.",PA,Business Associate,4159,2025-05-16,Hacking/IT Incident,Network Server,Yes,
"Compassion Health Care, Inc.",NC,Healthcare Provider,23282,2025-05-16,Hacking/IT Incident,Network Server,No,
"Harbin Clinic, LLC",GA,Healthcare Provider,176149,2025-05-16,Hacking/IT Incident,Network Server,Yes,
Weiser Valley Hospital District dba Weiser Memorial Hospital,ID,Healthcare Provider,59990,2025-05-15,Hacking/IT Incident,Network Server,No,
"HopeHealth, Inc.",SC,Healthcare Provider,5823,2025-05-15,Hacking/IT Incident,Network Server,No,
"CareNexa, LLC, doing business as Molecular Testing Labs",WA,Healthcare Provider,7711,2025-05-15,Hacking/IT Incident,Network Server,Yes,
Hunter Health Clinic,KS,Healthcare Provider,28431,2025-05-15,Hacking/IT Incident,Email,No,
Anne Arundel County Department of Health,MD,Healthcare Provider,500,2025-05-15,Hacking/IT Incident,Network Server,No,
"Doctors Hospital at Renaissance, LTD",TX,Healthcare Provider,501,2025-05-15,Hacking/IT Incident,Network Server,No,
Union County Children and Youth Services,PA,Healthcare Provider,501,2025-05-13,Hacking/IT Incident,Network Server,No,
CVS Caremark ,RI,Business Associate,2599,2025-05-13,Unauthorized Access/Disclosure,Paper/Films,Yes,
Washington Gastroenterology,WA,Healthcare Provider,501,2025-05-09,Hacking/IT Incident,Network Server,No,
Blue Cross Blue Shield of Texas,IL,Business Associate,593,2025-05-09,Unauthorized Access/Disclosure,Paper/Films,Yes,
"Tri-City Cardiology Consultants, P.C.",AZ,Healthcare Provider,22753,2025-05-08,Hacking/IT Incident,Network Server,No,
Allied Services Division Welfare Fund,IL,Health Plan,5727,2025-05-07,Hacking/IT Incident,Email,No,
The Carpenter Health Network,LA,Healthcare Provider,878,2025-05-06,Hacking/IT Incident,Network Server,No,
"SunLink Health Systems, Inc.",GA,Healthcare Provider,2856,2025-05-06,Hacking/IT Incident,Network Server,Yes,
"Minnesota Orthodontics and Dentofacial Orthopedics, P.A.",MN,Healthcare Provider,501,2025-05-05,Hacking/IT Incident,Network Server,No,
"Monongalia Health System, Inc.",WV,Healthcare Provider,4895,2025-05-03,Unauthorized Access/Disclosure,Email,No,
CardioVascular Health Clinic,OK,Healthcare Provider,501,2025-05-03,Hacking/IT Incident,Network Server,No,
"Absolute Dental Group, LLC",NV,Business Associate,501,2025-05-02,Hacking/IT Incident,Network Server,Yes,
DermCare Management,FL,Business Associate,501,2025-05-02,Hacking/IT Incident,Network Server,Yes,
"Anesthesia Associates of Morristown, P.A.",NJ,Healthcare Provider,34675,2025-05-02,Improper Disposal,Paper/Films,Yes,
Sonrisas Dental Health,CA,Healthcare Provider,15644,2025-05-02,Hacking/IT Incident,Network Server,No,
Canby Clinic,OR,Healthcare Provider,549,2025-04-30,Unauthorized Access/Disclosure,Email,No,
"Berkeley Research Group, LLC",CA,Business Associate,500,2025-04-30,Hacking/IT Incident,Network Server,Yes,
Family Christian Health Center ,IL,Healthcare Provider,12500,2025-04-30,Hacking/IT Incident,Network Server,No,
"Physician Wound Solutions, LLC dba Apollo Medical Supply",FL,Healthcare Provider,3561,2025-04-29,Unauthorized Access/Disclosure,Network Server,Yes,
Ascension Health,MO,Healthcare Provider,437329,2025-04-28,Hacking/IT Incident,Network Server,No,
"Maximus, Inc.",VA,Business Associate,4955,2025-04-25,Unauthorized Access/Disclosure,Network Server,Yes,
Carlton County Public Health and Human Services,MN,Healthcare Provider,3502,2025-04-25,Hacking/IT Incident,Email,No,
Brainard Surgery Center LLC,OH,Healthcare Provider,1820,2025-04-24,Hacking/IT Incident,Network Server,No,
Palo Verde Hospital,CA,Healthcare Provider,594,2025-04-24,Hacking/IT Incident,Network Server,No,
"Drug and Alcohol Treatment Services, Inc.",PA,Healthcare Provider,22215,2025-04-24,Hacking/IT Incident,Network Server,No,
Cache Valley Ear Nose & Throat ,UT,Healthcare Provider,26469,2025-04-24,Hacking/IT Incident,Network Server,No,
Orthopaedic Specialists of Connecticut,CT,Healthcare Provider,22541,2025-04-23,Hacking/IT Incident,Network Server,No,
Icon Family Healthcare LLC,CA,Healthcare Provider,1800,2025-04-22,Unauthorized Access/Disclosure,Email,No,
Onsite Mammography,MA,Business Associate,357265,2025-04-21,Hacking/IT Incident,Email,Yes,
"90 Degree Benefits, Inc. – St. Paul",WI,Business Associate,1268,2025-04-18,Hacking/IT Incident,Email,Yes,
HEALTH AND WELLNESS OF TEXAS,TX,Healthcare Provider,500,2025-04-16,Unauthorized Access/Disclosure,"Electronic Medical Record, Email",No,
Recovery Epicenter Foundation,FL,Healthcare Provider,800,2025-04-16,Unauthorized Access/Disclosure,Network Server,No,
Magnolia Manor Inc.,GA,Healthcare Provider,960,2025-04-15,Hacking/IT Incident,Network Server,No,
"The City of Long Beach, CA",CA,Healthcare Provider,258191,2025-04-14,Hacking/IT Incident,Network Server,No,
"Bell Ambulance, Inc.",WI,Healthcare Provider,237830,2025-04-14,Hacking/IT Incident,Network Server,No,
AHS Sherman LLC dba AHS Sherman Medical Center,TX,Healthcare Provider,908,2025-04-14,Unauthorized Access/Disclosure,Email,No,
Health Care Service Corporation,IL,Health Plan,2944,2025-04-13,Unauthorized Access/Disclosure,Other,No,
Blue Cross and Blue Shield of Texas,IL,Health Plan,12086,2025-04-13,Unauthorized Access/Disclosure,Other,No,
Blue Cross and Blue Shield of Oklahoma,IL,Health Plan,1020,2025-04-13,Unauthorized Access/Disclosure,Other,No,
Blue Cross and Blue Shield of Illinois,IL,Health Plan,6903,2025-04-13,Unauthorized Access/Disclosure,Other,No,
Summit Healthcare Medical Associates,AZ,Healthcare Provider,1861,2025-04-11,Unauthorized Access/Disclosure,Electronic Medical Record,No,
"Altior Healthcare, LLC",CA,Healthcare Provider,1002,2025-04-11,Hacking/IT Incident,Email,No,
Endue Software,ME,Business Associate,118028,2025-04-11,Hacking/IT Incident,Network Server,Yes,
The Gatesworth Senior Living St. Louis,MO,Healthcare Provider,31124,2025-04-11,Hacking/IT Incident,Network Server,No,
Parc Provence Memory Care Facility,MO,Healthcare Provider,13954,2025-04-11,Hacking/IT Incident,Network Server,No,
Jacksonville Medical Care ,AR,Healthcare Provider,6262,2025-04-10,Hacking/IT Incident,Network Server,No,
Cabot Medical Care ,AR,Healthcare Provider,21467,2025-04-10,Hacking/IT Incident,Network Server,No,
"Kelly & Associates Insurance Group, Inc. ",MD,Business Associate,553332,2025-04-09,Hacking/IT Incident,Network Server,Yes,
Blue Shield of California,CA,Business Associate,4700000,2025-04-09,Hacking/IT Incident,Network Server,Yes,
Alabama Ophthalmology Associates,AL,Healthcare Provider,131576,2025-04-08,Hacking/IT Incident,"Desktop Computer, Network Server",No,
"Friendship House, Inc.",NE,Healthcare Provider,501,2025-04-04,Hacking/IT Incident,Network Server,No,
Loretto Hospital ,IL,Healthcare Provider,501,2025-04-04,Hacking/IT Incident,Network Server,No,
"Newburgh Healthcare Residential Center, Inc.",IN,Healthcare Provider,700,2025-04-04,Hacking/IT Incident,Network Server,No,
Dallas County MHMR dba Metrocare Services,TX,Healthcare Provider,553,2025-04-03,Unauthorized Access/Disclosure,"Email, Network Server",No,
Hamilton County Government,TN,Healthcare Provider,14081,2025-04-03,Hacking/IT Incident,Network Server,Yes,
Dameron Hospital,CA,Healthcare Provider,210706,2025-04-02,Hacking/IT Incident,Network Server,No,
"Allegany Council on Alcoholism & Substance Abuse, Inc.",NY,Healthcare Provider,696,2025-04-02,Hacking/IT Incident,Email,No,
True Dental Care For Kids and Adults LLC,PA,Healthcare Provider,17640,2025-04-02,Hacking/IT Incident,Network Server,No,
Health Services LLC,OH,Healthcare Provider,75906,2025-04-01,Hacking/IT Incident,Network Server,No,
Gardner Health Services,CA,Healthcare Provider,26000,2025-04-01,Unauthorized Access/Disclosure,Paper/Films,Yes,
Central District Health Department of Nebraska,NE,Healthcare Provider,58519,2025-04-01,Hacking/IT Incident,Network Server,No,
"Family Centers, Inc.",CT,Healthcare Provider,12142,2025-03-31,Hacking/IT Incident,Network Server,No,
North Hudson Community Action Corporation,NJ,Healthcare Provider,501,2025-03-28,Hacking/IT Incident,Network Server,No,
"Community Dental Care, Inc.  ",MN,Healthcare Provider,134903,2025-03-28,Hacking/IT Incident,Network Server,No,
Baptist Hospitals of Southeast Texas,TX,Healthcare Provider,501,2025-03-28,Hacking/IT Incident,Network Server,No,
Mayo Clinic,MN,Healthcare Provider,1869,2025-03-28,Unauthorized Access/Disclosure,Email,No,
Frederick Health,MD,Healthcare Provider,934326,2025-03-28,Hacking/IT Incident,Network Server,No,
SimonMed Imaging,AZ,Healthcare Provider,500,2025-03-27,Hacking/IT Incident,Network Server,No,
Western Wayne Family Physicians ,MI,Healthcare Provider,62000,2025-03-26,Hacking/IT Incident,Network Server,No,
Concord Orthopaedics,NH,Healthcare Provider,72815,2025-03-25,Hacking/IT Incident,Network Server,No,
Bigfork Valley Hospital,MN,Healthcare Provider,8496,2025-03-25,Hacking/IT Incident,Email,No,
MedicareCompareUSA,WA,Business Associate,5782,2025-03-21,Hacking/IT Incident,Email,Yes,
"MedRevenu, LLC",CA,Business Associate,17775,2025-03-21,Hacking/IT Incident,Network Server,Yes,
"Mid Florida Primary Care, PA ",FL,Healthcare Provider,16435,2025-03-21,Hacking/IT Incident,Network Server,No,
AmeriHealth Caritas Louisiana ,LA,Health Plan,1552,2025-03-21,Unauthorized Access/Disclosure,"Network Server, Other",No,
"Fyzical Acquisition Holdings, LLC",FL,Business Associate,43045,2025-03-21,Hacking/IT Incident,Email,Yes,
Millennium Home Health Care,OK,Healthcare Provider,4743,2025-03-19,Hacking/IT Incident,Network Server,No,
"The Pavilion at HealthPark, LLC dba Park Royal Hospital",FL,Healthcare Provider,9349,2025-03-18,Hacking/IT Incident,Email,No,
Presbyterian Health Plan,NM,Health Plan,7100,2025-03-18,Hacking/IT Incident,Email,No,
"Heart to Heart Hospice Holdings, LLC",TX,Healthcare Provider,19034,2025-03-18,Hacking/IT Incident,Network Server,No,
Lena Pope Home Inc.,TX,Healthcare Provider,3523,2025-03-17,Hacking/IT Incident,Email,No,
Klickitat Valley Health,WA,Healthcare Provider,26339,2025-03-14,Hacking/IT Incident,Network Server,No,
"Welts, White, & Fontaine PC",NH,Business Associate,500,2025-03-14,Hacking/IT Incident,Network Server,Yes,
"CDHA Management, LLC and Spark DSO, LLC dba Chord Specialty Dental Partners",TN,Healthcare Provider,173430,2025-03-14,Hacking/IT Incident,Email,No,
Baylor Scott & White Texas Spine & Joint Hospital,TX,Healthcare Provider,1640,2025-03-14,Hacking/IT Incident,Email,No,
Columbia Eye Clinic ,SC,Healthcare Provider,500,2025-03-14,Hacking/IT Incident,Network Server,No,
Topy America Inc.,KY,Health Plan,1827,2025-03-14,Hacking/IT Incident,Network Server,No,
"Nice Healthcare Management Company, Inc",MN,Healthcare Provider,10000,2025-03-10,Hacking/IT Incident,Network Server,Yes,
SCLARC,CA,Business Associate,722,2025-03-06,Theft,"Laptop, Other Portable Electronic Device, Paper/Films",Yes,
Fort Wayne Medical Education Program ,IN,Healthcare Provider,28502,2025-03-06,Hacking/IT Incident,Network Server,No,
"Madison County, MS ",MS,Health Plan,6082,2025-03-05,Hacking/IT Incident,Email,No,
"Hillcrest Convalescent Center, Inc. ",NC,Healthcare Provider,106194,2025-03-04,Hacking/IT Incident,Network Server,No,
"Liberty Resources, Inc.",NY,Healthcare Provider,103711,2025-03-04,Hacking/IT Incident,Network Server,No,
Manchester Rehabilitation and Healthcare Center,CT,Healthcare Provider,5415,2025-03-03,Hacking/IT Incident,Network Server,No,
Community Care Alliance,RI,Healthcare Provider,114975,2025-03-01,Hacking/IT Incident,Network Server,No,
Total Medical Imaging ,FL,Healthcare Provider,27000,2025-02-28,Unauthorized Access/Disclosure,Network Server,Yes,
"Southeast Series of Lockton Companies, LLC (Lockton)",GA,Business Associate,1124727,2025-02-28,Hacking/IT Incident,Network Server,Yes,
Kronick Moskovitz Tiedemann & Girard,CA,Business Associate,2511,2025-02-28,Hacking/IT Incident,Network Server,Yes,
"CEI Vision Partners, LLC",MO,Business Associate,10841,2025-02-28,Hacking/IT Incident,Network Server,Yes,
"East Hawaii Rehab, Inc. DBA Lehua Physical Therapy and Rehab",HI,Healthcare Provider,8472,2025-02-28,Theft,"Other, Other Portable Electronic Device, Paper/Films",No,
Carolina Arthritis Associates,NC,Healthcare Provider,36961,2025-02-27,Hacking/IT Incident,Network Server,No,
Palmetto Operating LLC d/b/a Palmetto Subacute Care Center (‘Palmetto’),FL,Healthcare Provider,2746,2025-02-26,Unauthorized Access/Disclosure,Electronic Medical Record,Yes,
Lake Washington Vascular,WA,Healthcare Provider,21534,2025-02-25,Hacking/IT Incident,Network Server,No,
Consultants in Pain Medicine,TX,Healthcare Provider,1124,2025-02-16,Hacking/IT Incident,Network Server,No,
"Spring Management OK, LLC",OK,Business Associate,2494,2025-02-14,Hacking/IT Incident,Network Server,Yes,
"Restorix Health, Inc.",LA,Business Associate,38553,2025-02-14,Unauthorized Access/Disclosure,Email,Yes,
Cornerstones of Care,MO,Healthcare Provider,2771,2025-02-14,Hacking/IT Incident,Email,No,
"Children's Dental Center at Preston Trail, P.C. d/b/a Park Place Pediatric Dentistry (Arlington, TX) ",TN,Healthcare Provider,1690,2025-02-14,Theft,Laptop,No,
"Somnia, Inc.",NY,Business Associate,19069,2025-02-14,Hacking/IT Incident,Email,Yes,
UNITED BACKCARE PS dba Pacific Rehabilitation Centers,WA,Healthcare Provider,18900,2025-02-11,Hacking/IT Incident,Network Server,No,
Columbus Division of Fire,OH,Healthcare Provider,736,2025-02-10,Hacking/IT Incident,Network Server,No,
"CPS Solutions, LLC",OH,Business Associate,500,2025-02-10,Hacking/IT Incident,Email,Yes,
"Blue & Co., LLC",IN,Business Associate,228999,2025-02-07,Hacking/IT Incident,Network Server,Yes,
"U.S. HEALTHWORKS-SMMPP, L.C.",AZ,Business Associate,10673,2025-02-06,Hacking/IT Incident,Network Server,Yes,
"Primary Health-SMMPP, L.C.",AZ,Business Associate,67567,2025-02-06,Hacking/IT Incident,Network Server,Yes,
St. Marys NDS LLC,AZ,Business Associate,11715,2025-02-06,Hacking/IT Incident,Network Server,Yes,
"VectraRx Mail Pharmacy Services, LLC",AZ,Healthcare Provider,109383,2025-02-06,Hacking/IT Incident,Network Server,No,
"Escambia Community Clinics, Inc. dba Community Health Northwest Florida ",FL,Healthcare Provider,143969,2025-02-03,Hacking/IT Incident,Network Server,No,
"ARC Community Services, Inc.",WI,Healthcare Provider,501,2025-02-02,Hacking/IT Incident,Network Server,No,
"Primary Health Services Center, Inc.",LA,Healthcare Provider,17202,2025-02-02,Hacking/IT Incident,Network Server,No,
Mental Health Association Inc. ,MA,Healthcare Provider,12633,2025-01-31,Unauthorized Access/Disclosure,Network Server,No,
Methodist Homes of Alabama and Northwest Florida,AL,Healthcare Provider,908,2025-01-30,Hacking/IT Incident,Network Server,No,
ZI NEUROSCIENCES,NJ,Healthcare Provider,1000,2025-01-30,Unauthorized Access/Disclosure,"Other, Paper/Films",No,
"Community Health Center, Inc.",CT,Healthcare Provider,1060936,2025-01-30,Hacking/IT Incident,"Electronic Medical Record, Network Server",No,
Spring River Mental Health & Wellness,KS,Healthcare Provider,3250,2025-01-24,Hacking/IT Incident,Network Server,No,
"Benefits Management Group, Inc. ",IL,Business Associate,501,2025-01-24,Hacking/IT Incident,Network Server,Yes,
"Aprendamos Intervention Team, P.A.",NM,Healthcare Provider,1916,2025-01-23,Unauthorized Access/Disclosure,Email,No,
Inlet Health dba Communicare ,KY,Healthcare Provider,3771,2025-01-22,Hacking/IT Incident,Network Server,No,
Apex Custom Software,TX,Business Associate,1500,2025-01-22,Hacking/IT Incident,Network Server,Yes,
"University Diagnostic Medical Imaging, PC",NY,Healthcare Provider,138080,2025-01-21,Hacking/IT Incident,Network Server,No,
"Holdrege Memorial Homes, Inc. ",NE,Healthcare Provider,1446,2025-01-20,Hacking/IT Incident,Network Server,No,
Behavioral Health Resources,WA,Healthcare Provider,49213,2025-01-17,Hacking/IT Incident,Network Server,No,
Allegheny Health Network Home Medical Equipment LLC and Allegheny Health Network Home Infusion LLC,PA,Healthcare Provider,292773,2025-01-17,Hacking/IT Incident,Network Server,Yes,
"Asheville Eye Associates, PLLC",NC,Healthcare Provider,204984,2025-01-17,Hacking/IT Incident,Network Server,No,
"Alpine Ears, Nose & Throat, P.L.L.C.",CO,Healthcare Provider,65648,2025-01-17,Unauthorized Access/Disclosure,Network Server,No,
Community Treatment Solutions,NJ,Healthcare Provider,950,2025-01-16,Hacking/IT Incident,Network Server,No,
Mid America Physician Services ,KS,Healthcare Provider,104513,2025-01-13,Hacking/IT Incident,Network Server,No,
"Newport Harbor Pathology Medical Group, Inc.",CA,Healthcare Provider,119341,2025-01-10,Hacking/IT Incident,Network Server,No,
Samaritan Counseling Center of the Fox Valley,WI,Healthcare Provider,956,2025-01-10,Hacking/IT Incident,Email,No,
"BayMark Health Services, Inc.",TX,Business Associate,3170,2025-01-08,Hacking/IT Incident,Network Server,Yes,
Eastern Idaho Public Health,ID,Healthcare Provider,759,2025-01-07,Unauthorized Access/Disclosure,Electronic Medical Record,No,
Medusind Inc.,FL,Business Associate,701475,2025-01-07,Hacking/IT Incident,Network Server,Yes,
DentaQuest,WI,Health Plan,868,2025-01-06,Unauthorized Access/Disclosure,Paper/Films,No,
"Pediatric Home Respiratory Services, LLC d/b/a Pediatric Home Service",MN,Healthcare Provider,41792,2025-01-06,Hacking/IT Incident,Network Server,No,
North Los Angeles County Regional Center,CA,Business Associate,500,2025-01-06,Hacking/IT Incident,Network Server,Yes,
"Ingham County Medical Care Facility, d/b/a Dobie Road",MI,Healthcare Provider,3078,2025-01-05,Hacking/IT Incident,Electronic Medical Record,Yes,
Buffalo Surgery Center,NY,Healthcare Provider,64000,2025-01-04,Hacking/IT Incident,Network Server,No,
The Plastic Surgery Center,NJ,Healthcare Provider,64813,2025-01-03,Hacking/IT Incident,Network Server,No,
Watsonville Community Hospital,CA,Healthcare Provider,30312,2024-12-31,Hacking/IT Incident,Network Server,No,
"Legacy Treatment Services, Inc.",NJ,Healthcare Provider,29898,2024-12-31,Hacking/IT Incident,Network Server,No,
"Tycon Medical Systems, Inc.",VA,Healthcare Provider,112847,2024-12-30,Hacking/IT Incident,Network Server,No,
Omaha Surgical Center,NE,Healthcare Provider,1110,2024-12-30,Hacking/IT Incident,Email,No,
Dragonfly Health,AZ,Business Associate,501,2024-12-27,Hacking/IT Incident,Email,Yes,
Polaris Endeavors,FL,Healthcare Provider,4552,2024-12-24,Hacking/IT Incident,Network Server,No,
Khalil Foundation (DBA Khalil Center),IL,Healthcare Provider,1153,2024-12-22,Unauthorized Access/Disclosure,Network Server,No,
"Effortless Office Enterprises, LLC",NV,Business Associate,3112,2024-12-20,Hacking/IT Incident,Network Server,Yes,
"HealthEquity, Inc.",UT,Business Associate,1549,2024-12-20,Hacking/IT Incident,Network Server,Yes,
Richmond University Medical Center,NY,Healthcare Provider,674033,2024-12-19,Hacking/IT Incident,Network Server,No,
"PracticeSuite, Inc.",FL,Business Associate,13000,2024-12-17,Hacking/IT Incident,Network Server,Yes,
"Regional Care, Inc.",NE,Healthcare Clearing House,225728,2024-12-17,Hacking/IT Incident,Network Server,No,
California Correctional Health Care Services ,CA,Healthcare Provider,1416,2024-12-17,Loss,Paper/Films,No,
Kitsap Mental Health Services,WA,Healthcare Provider,500,2024-12-16,Hacking/IT Incident,Network Server,No,
Teton Orthopaedics,PA,Healthcare Provider,13409,2024-12-16,Hacking/IT Incident,Network Server,No,
"Summit Medical Group, PLLC",TN,Healthcare Provider,464159,2024-12-13,Hacking/IT Incident,Email,No,
Northwest Asthma and Allergy Center,WA,Healthcare Provider,1000,2024-12-12,Hacking/IT Incident,Email,No,
"El Paso Healthcare System, Ltd. d/b/a Las Palmas Del Sol Healthcare",TX,Healthcare Provider,1854,2024-12-11,Unauthorized Access/Disclosure,Electronic Medical Record,No,
Community Connections ,DC,Healthcare Provider,18949,2024-12-11,Hacking/IT Incident,Network Server,No,
River Region Cardiology,AL,Healthcare Provider,48600,2024-12-11,Hacking/IT Incident,Network Server,No,
Atrium Health,NC,Healthcare Provider,585959,2024-12-02,Unauthorized Access/Disclosure,Network Server,No,
Texas Tech University Health Sciences Center El Paso,TX,Healthcare Provider,815000,2024-11-25,Hacking/IT Incident,Network Server,No,
Texas Tech University Health Sciences Center,TX,Healthcare Provider,650000,2024-11-25,Hacking/IT Incident,Network Server,No,
Citadel of Northbrook,IL,Healthcare Provider,2155,2024-11-25,Hacking/IT Incident,"Electronic Medical Record, Network Server",Yes,
"American Addiction Centers, Inc.",TN,Business Associate,410747,2024-11-25,Hacking/IT Incident,Network Server,Yes,
Conceptions Reproductive Associates of Colorado,CO,Healthcare Provider,80000,2024-11-25,Hacking/IT Incident,Network Server,No,
Lubbock County Hospital District,TX,Healthcare Provider,1461776,2024-11-22,Hacking/IT Incident,Network Server,No,
"East Central Missouri Behavioral Health Services, Inc.",MO,Healthcare Provider,20000,2024-11-21,Hacking/IT Incident,Network Server,No,
York County ,PA,Healthcare Provider,841,2024-11-20,Hacking/IT Incident,Email,No,
Laboratory Services Cooperative ,WA,Healthcare Provider,501,2024-11-20,Hacking/IT Incident,Network Server,No,
AuthoraCare Collective,NC,Healthcare Provider,57944,2024-11-19,Unauthorized Access/Disclosure,Network Server,No,
Terrace of Hialeah,FL,Healthcare Provider,1177,2024-11-18,Hacking/IT Incident,Network Server,Yes,
"Dolton Nursing & Rehab, LLC",IL,Healthcare Provider,1559,2024-11-18,Hacking/IT Incident,"Electronic Medical Record, Network Server",Yes,
"HealthFund Solutions, LLC",FL,Business Associate,5198,2024-11-15,Hacking/IT Incident,Email,Yes,
"ESHA, Inc.",TX,Business Associate,76922,2024-11-15,Hacking/IT Incident,Network Server,Yes,
"Maternal Fetal Medicine Associates, PLLC, Carnegie Hill Imaging for Women, and Carnegie Women’s Health (collectively, “the Practices”)",NY,Healthcare Provider,501,2024-11-15,Hacking/IT Incident,Network Server,No,
ASPEN HEALTHCARE SERVICES INC,TX,Healthcare Provider,7195,2024-11-15,Hacking/IT Incident,Electronic Medical Record,No,
Physicians' Primary Care of Southwest Florida,FL,Healthcare Provider,500,2024-11-14,Hacking/IT Incident,Network Server,No,
Rocky Mountain Gastroenterology Associates PLLC ,CO,Healthcare Provider,366491,2024-11-13,Hacking/IT Incident,Network Server,No,
"Radiologic Medical Services, P.C.",IA,Healthcare Provider,56902,2024-11-12,Hacking/IT Incident,Email,No,
Humboldt Independent Practice Association (Humboldt IPA),CA,Healthcare Provider,500,2024-11-11,Hacking/IT Incident,Email,No,
"United Seating and Mobility, LLC dba Numotion",TN,Healthcare Provider,2319,2024-11-11,Hacking/IT Incident,Email,No,
Mid-Minnesota Management Services d/b/a Central Resources,IL,Business Associate,1232,2024-11-08,Unauthorized Access/Disclosure,Other,Yes,
Huron Inc. Health Plan,MI,Health Plan,750,2024-11-08,Unauthorized Access/Disclosure,Network Server,No,
"South West Family Medicine Associates, PA ",TX,Healthcare Provider,36959,2024-11-07,Hacking/IT Incident,Network Server,No,
Great Plains Regional Medical Center,OK,Healthcare Provider,133149,2024-11-07,Hacking/IT Incident,Network Server,No,
"Mohawk Valley Cardiology, P.C.",NY,Healthcare Provider,4973,2024-11-04,Unauthorized Access/Disclosure,Other,No,
"Northeast Professional Home Care, Inc.",OH,Healthcare Provider,648,2024-11-01,Hacking/IT Incident,Email,No,
"Brain & Eye Connection Vision Clinic, PC",OK,Healthcare Provider,2207,2024-11-01,Hacking/IT Incident,Network Server,No,
Rockford Gastroenterology Associates ,IL,Healthcare Provider,147253,2024-10-30,Hacking/IT Incident,Network Server,No,
"Hawaii Radiologic Associates, Ltd. ",HI,Healthcare Provider,23205,2024-10-25,Hacking/IT Incident,Network Server,No,
Gandara Mental Health Center ,MA,Healthcare Provider,20024,2024-10-24,Hacking/IT Incident,Network Server,No,
"Northeast Spine and Sports Medicine, LLC",NJ,Healthcare Provider,6300,2024-10-24,Hacking/IT Incident,Network Server,No,
Mystic Valley Elder Services - Business Associate,MA,Business Associate,2402,2024-10-22,Hacking/IT Incident,Network Server,Yes,
Clay Platte Family Medicine,MO,Healthcare Provider,53916,2024-10-18,Hacking/IT Incident,Network Server,No,
"Advanced Recovery Equipment & Supplies, LLC",NY,Healthcare Provider,56000,2024-10-18,Hacking/IT Incident,Network Server,No,
Detroit Wayne Integrated Health Network,MI,Healthcare Provider,3347,2024-10-18,Hacking/IT Incident,Laptop,No,
RRCA Accounts Management Inc.,IL,Business Associate,115837,2024-10-18,Hacking/IT Incident,"Desktop Computer, Network Server",Yes,
"Summit Pathology and Summit Pathology Laboratories, Inc.",CO,Healthcare Provider,1813538,2024-10-18,Hacking/IT Incident,Network Server,No,
"Valleygate Dental Surgery Centers of Charlotte, Fayetteville, and the West, LLC.",NC,Healthcare Provider,14589,2024-10-17,Hacking/IT Incident,Network Server,No,
Jacksonville Children's Multispecialty Clinics/Atlantic Medical Management ,NC,Healthcare Provider,2224,2024-10-17,Unauthorized Access/Disclosure,Email,No,
"Ad Valorem Records, Inc. ",TN,Business Associate,590,2024-10-11,Unauthorized Access/Disclosure,Paper/Films,Yes,
Wilmington Community Clinic,CA,Healthcare Provider,11601,2024-10-11,Hacking/IT Incident,Network Server,No,
"TheraCom, L.L.C.",PA,Healthcare Provider,9271,2024-10-08,Hacking/IT Incident,Network Server,No,
Schneider Regional Medical Center,,Healthcare Provider,1570,2024-10-07,Hacking/IT Incident,Network Server,No,
"Ciox Health LLC, d/b/a Datavant Group",AZ,Business Associate,320702,2024-10-07,Hacking/IT Incident,Email,Yes,
"ATSG, Inc",NY,Business Associate,909469,2024-10-04,Hacking/IT Incident,Network Server,Yes,
Omni Family Health,CA,Healthcare Provider,468344,2024-10-04,Hacking/IT Incident,Network Server,No,
"Dr. Daniel J. Leeman, M.D.",TX,Healthcare Provider,50000,2024-10-04,Hacking/IT Incident,Network Server,No,
"Texas Spine Consultants, PLLC ",TX,Healthcare Provider,8048,2024-09-26,Hacking/IT Incident,Email,No,
"Asheville Arthritis and Osteoporosis Center, P.A.",NC,Healthcare Provider,58251,2024-09-20,Hacking/IT Incident,Network Server,No,
Muskogee City County Enhanced 911 Trust Authority,OK,Business Associate,180000,2024-09-20,Hacking/IT Incident,Network Server,Yes,
"Jacobsen Construction Co., Inc. Health Plan",UT,Health Plan,2127,2024-09-20,Hacking/IT Incident,Network Server,No,
"Southern Bone & Joint Specialists, PA (“Southern Bone”)",MS,Healthcare Provider,7162,2024-09-17,Hacking/IT Incident,Email,No,
Rim Country Health and Rehabilitation ,AZ,Healthcare Provider,720,2024-09-16,Hacking/IT Incident,Email,No,
Maryville Academy,IL,Healthcare Provider,500,2024-09-13,Hacking/IT Incident,Network Server,No,
Atrium Health,NC,Healthcare Provider,32120,2024-09-13,Hacking/IT Incident,Email,No,
"Nationwide Recovery Services, Inc.",GA,Business Associate,501,2024-09-09,Hacking/IT Incident,Network Server,Yes,
Welcome Health,CA,Healthcare Provider,597,2024-09-06,Hacking/IT Incident,Email,No,
"EngageMED, Inc ",AR,Business Associate,249297,2024-08-30,Hacking/IT Incident,Network Server,Yes,
Minnesota Department of Human Services,MN,Healthcare Provider,4329,2024-08-30,Hacking/IT Incident,Email,No,
"CODAC Inc dba CODAC Behavioral Health and CODAC Healthcare, LLC",RI,Healthcare Provider,9592,2024-08-27,Hacking/IT Incident,Network Server,No,
Blue Cross and Blue Shield of North Carolina,NC,Business Associate,972,2024-08-27,Hacking/IT Incident,Network Server,Yes,
Pomona Community Health Center dba ParkTree Community Health Center,CA,Healthcare Provider,40964,2024-08-21,Hacking/IT Incident,Network Server,No,
"Excelsior Orthopaedics, LLC",NY,Healthcare Provider,292913,2024-08-21,Hacking/IT Incident,Network Server,No,
"VeriSource Services, Inc.",TX,Business Associate,112726,2024-08-20,Hacking/IT Incident,Network Server,Yes,
"Acadian Ambulance Service, Inc. ",LA,Healthcare Provider,2896985,2024-08-20,Hacking/IT Incident,Network Server,No,
"Contents Trader, Inc.",TX,Healthcare Provider,27329,2024-08-20,Unauthorized Access/Disclosure,Network Server,No,
"Kerber, Eck & Braeckel LLP",IL,Business Associate,134918,2024-08-16,Hacking/IT Incident,Network Server,Yes,
"Specialty Networks, Inc. ",TN,Business Associate,411037,2024-08-15,Hacking/IT Incident,Network Server,Yes,
siParadigm LLC,NJ,Healthcare Provider,501,2024-08-09,Hacking/IT Incident,Network Server,No,
"Turning Point of Central California, Inc.",CA,Healthcare Provider,53737,2024-08-09,Hacking/IT Incident,Network Server,No,
"HealthEquity, Inc.",UT,Business Associate,4300000,2024-08-09,Hacking/IT Incident,Network Server,Yes,
"Gramercy Surgery Center, Inc.",NY,Healthcare Provider,52372,2024-08-09,Hacking/IT Incident,Network Server,No,
Pemiscot Memorial Health System,MO,Healthcare Provider,33279,2024-08-09,Unauthorized Access/Disclosure,Electronic Medical Record,No,
" Pocahontas Medical Clinic, PA",AR,Healthcare Provider,31216,2024-08-06,Hacking/IT Incident,Network Server,No,
"Calibrated Healthcare, LLC",CA,Business Associate,6890,2024-08-02,Hacking/IT Incident,Network Server,Yes,
Alabama Cardiovascular Group,AL,Healthcare Provider,280534,2024-08-02,Hacking/IT Incident,Network Server,No,
Wayne Memorial Hospital,GA,Healthcare Provider,2500,2024-08-02,Hacking/IT Incident,Network Server,No,
Roseland Community Hospital Association,IL,Healthcare Provider,500,2024-08-01,Hacking/IT Incident,Network Server,No,
Frilot L.L.C.,LA,Business Associate,501,2024-08-01,Hacking/IT Incident,Network Server,Yes,
Deer Oaks Behavioral Health ,TX,Healthcare Provider,171871,2024-07-31,Hacking/IT Incident,Network Server,No,
Delta County Memorial Hospital District (Delta Health),CO,Healthcare Provider,148363,2024-07-29,Hacking/IT Incident,Network Server,No,
United of Omaha Life Insurance Company,NE,Health Plan,107894,2024-07-26,Hacking/IT Incident,Email,No,
Surgery Center of Mid Florida,FL,Healthcare Provider,48684,2024-07-24,Hacking/IT Incident,Network Server,No,
Sutton Dental Arts,OR,Healthcare Provider,4109,2024-07-22,Hacking/IT Incident,Network Server,No,
"EMS Department for the Kansas City, Kansas Fire Department   ",KS,Healthcare Provider,501,2024-07-20,Hacking/IT Incident,Network Server,No,
"Sun City Pediatrics, PA",TX,Healthcare Provider,4500,2024-07-19,Hacking/IT Incident,Network Server,No,
"Community Counseling of Bristol County, Inc.",MA,Healthcare Provider,44991,2024-07-19,Hacking/IT Incident,Network Server,No,
"Change Healthcare, Inc.",MN,Business Associate,192700000,2024-07-19,Hacking/IT Incident,Network Server,Yes,
Fairfax Radiological Consultants ,VA,Healthcare Provider,3512,2024-07-12,Hacking/IT Incident,Network Server,No,
School Employees' Benefit Trust,IN,Health Plan,1371,2024-07-05,Hacking/IT Incident,Network Server,Yes,
Palomar Health Medical Group,CA,Healthcare Provider,1140221,2024-07-03,Hacking/IT Incident,Network Server,No,
Ascension Health,MO,Healthcare Provider,5466931,2024-07-03,Hacking/IT Incident,Network Server,No,
"Atlanta Perinatal Consultants, LLP",GA,Healthcare Provider,1508,2024-07-02,Hacking/IT Incident,Network Server,Yes,
Regional Obstetrical Consultants PC,TN,Healthcare Provider,25650,2024-07-02,Hacking/IT Incident,Network Server,No,
"Georgia Kidney Associates, Inc.",GA,Healthcare Provider,9940,2024-06-28,Theft,Other,No,
Geisinger,PA,Healthcare Provider,1276026,2024-06-21,Unauthorized Access/Disclosure,Network Server,Yes,
"The Lash Group, LLC",PA,Business Associate,15196,2024-06-21,Hacking/IT Incident,Network Server,Yes,
Radiology and Imaging Specialists,FL,Healthcare Provider,37210,2024-06-17,Hacking/IT Incident,Email,No,
"Neurobehavioral Medicine Consultants, P.C.",OH,Healthcare Provider,18182,2024-06-14,Hacking/IT Incident,Network Server,No,
IBEW LOCAL 236 WELFARE FUND,CT,Health Plan,3217,2024-06-11,Hacking/IT Incident,Network Server,Yes,
ASBESTOS WORKERS LOCAL 42 WELFARE PLAN,GA,Health Plan,520,2024-06-11,Hacking/IT Incident,Network Server,Yes,
"Signature Performance, Inc.",NE,Business Associate,130228,2024-06-10,Hacking/IT Incident,Network Server,Yes,
Community Alliance Rehabilitation Services,NE,Healthcare Provider,10750,2024-06-07,Hacking/IT Incident,Network Server,No,
Insurance ACE/Humana Inc.,KY,Health Plan,15003,2024-06-05,Unauthorized Access/Disclosure,Paper/Films,No,
Panorama Eyecare,CO,Healthcare Provider,377911,2024-06-05,Hacking/IT Incident,Network Server,No,
Easterseals Central Illinois,IL,Healthcare Provider,14855,2024-05-31,Hacking/IT Incident,Network Server,No,
"AmerisourceBergen Specialty Group, LLC",PA,Healthcare Provider,3102,2024-05-31,Hacking/IT Incident,Network Server,No,
"AmerisourceBergen Specialty Group, LLC",PA,Healthcare Provider,252214,2024-05-24,Hacking/IT Incident,Network Server,No,
A&A Services d/b/a Sav-Rx,NE,Business Associate,2812336,2024-05-24,Hacking/IT Incident,Network Server,Yes,
City of St. Cloud,FL,Health Plan,2273,2024-05-24,Hacking/IT Incident,Network Server,No,
Tri-City Healthcare District,CA,Healthcare Provider,108149,2024-05-23,Hacking/IT Incident,Network Server,No,
"Trionfo Solutions, LLC",IL,Business Associate,81588,2024-05-22,Hacking/IT Incident,Network Server,Yes,
Omni Healthcare Financial Holdings,NC,Business Associate,16852,2024-05-18,Hacking/IT Incident,Network Server,Yes,
Victoria Eye Center/Victoria Surgery Center/Victoria Vision Center,TX,Healthcare Provider,80000,2024-05-17,Hacking/IT Incident,Network Server,No,
"Pope & Conner Consulting, Inc.",WI,Business Associate,1035,2024-05-15,Hacking/IT Incident,Email,Yes,
"Hypertension-Nephrology Associates, P.C. ",PA,Healthcare Provider,39491,2024-05-14,Hacking/IT Incident,"Electronic Medical Record, Network Server",No,
"Superior Air-Ground Ambulance Service, Inc. ",IL,Healthcare Provider,1039972,2024-05-10,Hacking/IT Incident,Network Server,No,
"WebTPA Employer Services, LLC (“WebTPA”)",TX,Business Associate,2518533,2024-05-08,Hacking/IT Incident,Network Server,Yes,
Watson Clinic,FL,Healthcare Provider,280278,2024-05-08,Hacking/IT Incident,Network Server,No,
Kenneth Young Center,IL,Healthcare Provider,6842,2024-05-06,Hacking/IT Incident,Network Server,No,
Medical Express Ambulance Inc.  D/B/A Medex Ambulance,IL,Healthcare Provider,121190,2024-05-02,Hacking/IT Incident,Network Server,No,
"United Seating and Mobility, L.L.C., d/b/a Numotion",TN,Healthcare Provider,602265,2024-05-01,Hacking/IT Incident,Network Server,No,
AMERICAN RENAL MANAGEMENT,TN,Business Associate,501,2024-04-29,Hacking/IT Incident,Network Server,Yes,
Signature Healthcare Services LLC,CA,Business Associate,14696,2024-04-27,Hacking/IT Incident,Network Server,Yes,
Empath-Stratum Inc. doing business as  Empath Health,FL,Healthcare Provider,5545,2024-04-25,Hacking/IT Incident,Email,No,
Therapeutic Health Services ,WA,Healthcare Provider,501,2024-04-25,Hacking/IT Incident,Network Server,No,
Kootenai Health,ID,Healthcare Provider,464088,2024-04-24,Hacking/IT Incident,Network Server,No,
"Medical Billing Specialists, Inc.",MA,Business Associate,43673,2024-04-24,Hacking/IT Incident,Network Server,Yes,
NorthBay Healthcare Corporation,CA,Healthcare Provider,569012,2024-04-23,Hacking/IT Incident,Network Server,No,
"Cumberland Heights Foundation, Inc. ",TN,Healthcare Provider,5078,2024-04-19,Hacking/IT Incident,Email,No,
"Bridgeway Center, Inc.",FL,Healthcare Provider,36353,2024-04-19,Hacking/IT Incident,Network Server,No,
"Kaiser Foundation Health Plan, Inc.",CA,Health Plan,13400000,2024-04-12,Unauthorized Access/Disclosure,Network Server,No,
"Gaia Software, LLC",CO,Business Associate,56676,2024-04-05,Hacking/IT Incident,Network Server,Yes,
UNC Hospitals,NC,Healthcare Provider,3142,2024-04-02,Hacking/IT Incident,Email,No,
Delta Health System,MS,Healthcare Provider,216532,2024-03-29,Hacking/IT Incident,Network Server,No,
"Strive Holdco, LLC",TX,Healthcare Provider,51477,2024-03-28,Unauthorized Access/Disclosure,Network Server,No,
Family Health Center ,MI,Healthcare Provider,33240,2024-03-24,Hacking/IT Incident,Network Server,No,
"Mary H. Makhlouf, DMD, MS, PA",NC,Healthcare Provider,1797,2024-03-22,Hacking/IT Incident,Network Server,No,
"Vail Summit Orthopaedics, LLC (“VSON”)",CO,Healthcare Provider,1138,2024-03-04,Hacking/IT Incident,Network Server,No,
"Bradford Health Services, LLC ",AL,Healthcare Provider,28543,2024-02-06,Hacking/IT Incident,Network Server,No,
Bloom Health Centers,MD,Healthcare Provider,1954,2024-02-01,Hacking/IT Incident,Email,No,
Marathon County Special Education,WI,Healthcare Provider,10079,2023-12-20,Hacking/IT Incident,Email,No,
Community Dental,ME,Healthcare Provider,1523,2023-11-17,Hacking/IT Incident,Network Server,No,
Claxton-Hepburn Medical Center,NY,Healthcare Provider,757,2023-11-02,Hacking/IT Incident,Network Server,No,
Premier Health Partners and wholly owned covered entities listed in description section below,OH,Healthcare Provider,10833,2023-10-12,Hacking/IT Incident,Network Server,No,
Shady Lane Nursing Home,NJ,Healthcare Provider,566,2023-02-17,Hacking/IT Incident,"Desktop Computer, Laptop, Network Server",No,
